,Rank,Title,Studio,Total Gross,Theaters,Opening,Opening Theaters,Year,link,Actors
0,1,Home Alone,Fox,"$285,761,243","2,173","$17,081,997","1,202",1990,/movies/?id=homealone.htm,Macaulay Culkin
1,2,Ghost,Par.,"$217,631,306","1,766","$12,191,540","1,101",1990,/movies/?id=ghost.htm,Patrick SwayzeDemi MooreWhoopi Goldberg
2,3,Dances with Wolves,Orion,"$184,208,848","1,636","$598,257",14,1990,/movies/?id=danceswithwolves.htm,Kevin Costner
3,4,Pretty Woman,BV,"$178,406,268","1,811","$11,280,591","1,325",1990,/movies/?id=prettywoman.htm,Richard GereJulia Roberts
4,5,Teenage Mutant Ninja Turtles,NL,"$135,265,915","2,377","$25,398,367","2,006",1990,/movies/?id=teenagemutantninjaturtles.htm,Sam Rockwell*
5,1,Terminator 2: Judgment Day,TriS,"$204,843,345","2,495","$31,765,506","2,274",1991,/movies/?id=terminator2.htm,Arnold SchwarzeneggerEdward FurlongLinda HamiltonRobert Patrick
6,2,Robin Hood: Prince of Thieves,WB,"$165,493,908","2,369","$25,625,602","2,369",1991,/movies/?id=robinhoodprinceofthieves.htm,Kevin CostnerMorgan FreemanAlan Rickman
7,3,Beauty and the Beast,BV,"$145,863,363","1,960","$162,146",2,1991,/movies/?id=beautyandthebeast.htm,ERROR FOR: Beauty and the Beast
8,4,The Silence of the Lambs,Orion,"$130,742,922","1,642","$13,766,814","1,497",1991,/movies/?id=silenceofthelambs.htm,Jodie FosterAnthony Hopkins
9,5,City Slickers,Col.,"$124,033,791","2,171","$13,032,121","1,992",1991,/movies/?id=cityslickers.htm,Billy CrystalJake Gyllenhaal*
10,1,Aladdin,BV,"$217,350,219","2,331","$196,664",2,1992,/movies/?id=aladdin.htm,Robin Williams (Voice)
11,2,Home Alone 2: Lost in New York,Fox,"$173,585,516","2,461","$31,126,882","2,222",1992,/movies/?id=homealone2.htm,Macaulay CulkinJoe PesciCatherine O'HaraRob Schneider*
12,3,Batman Returns,WB,"$162,831,698","2,644","$45,687,711","2,644",1992,/movies/?id=batmanreturns.htm,Michael KeatonDanny DeVitoMichelle PfeifferChristopher Walken
13,4,Lethal Weapon 3,WB,"$144,731,527","2,568","$33,243,086","2,510",1992,/movies/?id=lethalweapon3.htm,Mel GibsonDanny GloverRene Russo
14,5,A Few Good Men,Col.,"$141,340,178","2,201","$15,517,468","1,925",1992,/movies/?id=fewgoodmen.htm,"Tom CruiseJack NicholsonDemi MooreKevin BaconKiefer SutherlandKevin PollakJ.T. WalshCuba Gooding, Jr.*"
15,1,Jurassic Park,Uni.,"$357,067,947","2,566","$47,026,828","2,404",1993,/movies/?id=jurassicpark.htm,Sam NeillJeff GoldblumLaura DernRichard AttenboroughSamuel L. Jackson*
16,2,Mrs. Doubtfire,Fox,"$219,195,243","2,354","$20,468,847","1,605",1993,/movies/?id=mrsdoubtfire.htm,Robin WilliamsSally FieldPierce Brosnan
17,3,The Fugitive,WB,"$183,875,760","2,425","$23,758,855","2,340",1993,/movies/?id=fugitive.htm,Harrison FordTommy Lee JonesJulianne Moore*
18,4,The Firm,Par.,"$158,348,367","2,393","$25,400,000","2,393",1993,/movies/?id=firm.htm,Tom CruiseJeanne TripplehornGene HackmanHal HolbrookWilford BrimleyEd HarrisHolly HunterDavid StrathairnGary BuseyTobin Bell*
19,5,Sleepless in Seattle,TriS,"$126,680,884","1,657","$17,253,733","1,579",1993,/movies/?id=sleeplessinseattle.htm,Tom HanksMeg Ryan
20,1,Forrest Gump,Par.,"$329,694,499","2,365","$24,450,602","1,595",1994,/movies/?id=forrestgump.htm,Tom HanksRobin WrightSally FieldGary Sinise
21,2,The Lion King,BV,"$312,855,561","2,624","$1,586,753",2,1994,/movies/?id=lionking.htm,Matthew Broderick (Voice)Jonathan Taylor ThomasJames Earl Jones (Voice)Jeremy Irons (Voice)Moira KellyNathan LaneRowan AtkinsonWhoopi GoldbergCheech Marin
22,3,True Lies,Fox,"$146,282,411","2,561","$25,869,770","2,368",1994,/movies/?id=truelies.htm,Arnold SchwarzeneggerTom ArnoldJamie Lee Curtis
23,4,The Santa Clause,BV,"$144,833,357","2,388","$19,321,992","2,183",1994,/movies/?id=santaclause.htm,Tim Allen
24,5,The Flintstones,Uni.,"$130,531,208","2,594","$29,688,730","2,498",1994,/movies/?id=flintstones.htm,John GoodmanElizabeth PerkinsRick MoranisRosie O'DonnellKyle MacLachlanHalle BerryElizabeth TaylorMary-Kate Olsen*
25,1,Toy Story,BV,"$191,796,233","2,574","$29,140,617","2,457",1995,/movies/?id=toystory.htm,Tim Allen (Voice)Tom Hanks (Voice)
26,2,Batman Forever,WB,"$184,031,112","2,893","$52,784,433","2,842",1995,/movies/?id=batmanforever.htm,Val KilmerTommy Lee JonesJim CarreyNicole KidmanChris O'DonnellDrew Barrymore*Jon Favreau*
27,3,Apollo 13,Uni.,"$172,071,312","2,347","$25,353,380","2,197",1995,/movies/?id=apollo13.htm,Tom HanksBill PaxtonKevin BaconGary SiniseEd Harris
28,4,Pocahontas,BV,"$141,579,773","2,757","$2,689,714",6,1995,/movies/?id=pocahontas.htm,Christian Bale* (Voice)Mel Gibson* (Voice)
29,5,Ace Ventura: When Nature Calls,WB,"$108,385,533","2,705","$37,804,076","2,652",1995,/movies/?id=aceventura2.htm,Jim CarreySophie Okonedo*
30,1,Independence Day,Fox,"$306,169,268","2,977","$50,228,264","2,882",1996,/movies/?id=independenceday.htm,Will SmithBill PullmanJeff GoldblumMary McDonnellJudd HirschRobert LoggiaRandy QuaidVivica A. FoxJames RebhornBrent Spiner
31,2,Twister,WB,"$241,721,524","2,808","$41,059,405","2,414",1996,/movies/?id=twister.htm,Helen HuntBill PaxtonCary ElwesPhilip Seymour HoffmanAlexa Vega*
32,3,Mission: Impossible,Par.,"$180,981,856","3,012","$45,436,830","3,012",1996,/movies/?id=missionimpossible.htm,Tom CruiseJon Voight
33,4,Jerry Maguire,Sony,"$153,952,592","2,531","$17,084,296","2,531",1996,/movies/?id=jerrymaguire.htm,"Tom CruiseCuba Gooding, Jr.Renee ZellwegerKelly PrestonJerry O'Connell*Jay MohrBonnie HuntRegina KingLucy Liu*"
34,5,Ransom,BV,"$136,492,681","2,768","$34,216,088","2,676",1996,/movies/?id=ransom.htm,Mel GibsonRene RussoGary SiniseDelroy LindoLili TaylorLiev SchreiberDonnie Wahlberg
35,1,Titanic,Par.,"$600,788,188","3,265","$28,638,131","2,674",1997,/movies/?id=titanic.htm,Leonardo DiCaprioKate WinsletBilly ZaneKathy BatesBill PaxtonBernard HillIoan Gruffudd*
36,2,Men in Black,Sony,"$250,690,539","3,180","$51,068,455","3,020",1997,/movies/?id=meninblack.htm,Tommy Lee JonesWill Smith
37,3,The Lost World: Jurassic Park,Uni.,"$229,086,679","3,565","$72,132,785","3,281",1997,/movies/?id=jurassicpark2.htm,Jeff GoldblumJulianne MooreVince Vaughn
38,4,Liar Liar,Uni.,"$181,410,615","2,909","$31,423,025","2,845",1997,/movies/?id=liarliar.htm,Jim CarreyMaura TierneyJustin CooperCary ElwesJennifer Tilly
39,5,Air Force One,Sony,"$172,956,409","2,981","$37,132,505","2,919",1997,/movies/?id=airforceone.htm,Glenn CloseHarrison FordWilliam H. MacyGary Oldman
40,1,Saving Private Ryan,DW,"$216,540,909","2,807","$30,576,104","2,463",1998,/movies/?id=savingprivateryan.htm,Tom HanksTom SizemoreEdward BurnsBarry PepperAdam GoldbergVin DieselGiovanni RibisiJeremy DaviesMatt DamonTed Danson*Paul Giamatti*Dennis Farina*Bryan Cranston*
41,2,Armageddon,BV,"$201,578,182","3,184","$36,089,972","3,127",1998,/movies/?id=armageddon.htm,Bruce WillisBen AffleckLiv TylerBilly Bob ThorntonWill PattonSteve BuscemiMichael Clarke DuncanWilliam FichtnerPeter StormareOwen Wilson*
42,3,There's Something About Mary,Fox,"$176,484,651","2,555","$13,740,644","2,186",1998,/movies/?id=somethingaboutmary.htm,Cameron DiazMatt DillonBen Stiller
43,4,A Bug's Life,BV,"$162,798,565","2,773","$291,121",1,1998,/movies/?id=bugslife.htm,Kevin Spacey* (Voice)Hayden Panettiere* (Voice)Denis Leary* (Voice)Bonnie Hunt* (Voice)
44,5,The Waterboy,BV,"$161,491,646","2,782","$39,414,071","2,664",1998,/movies/?id=waterboy.htm,Adam SandlerKathy BatesFairuza BalkRob Schneider* (Cameo)
45,1,Star Wars: Episode I - The Phantom Menace,Fox,"$431,088,295","3,126","$64,820,970","2,970",1999,/movies/?id=starwars.htm,Anthony DanielsIan McDiarmidLiam NeesonEwan McGregorNatalie PortmanSamuel L. Jackson*Keira Knightley*
46,2,The Sixth Sense,BV,"$293,506,292","2,821","$26,681,262","2,161",1999,/movies/?id=sixthsense.htm,Bruce WillisHaley Joel OsmentToni ColletteM. Night Shyamalan*
47,3,Toy Story 2,BV,"$245,852,179","3,257","$300,163",1,1999,/movies/?id=toystory2.htm,Tom Hanks (Voice)Tim Allen (Voice)Joan Cusack* (Voice)Kelsey Grammer* (Voice)
48,4,Austin Powers: The Spy Who Shagged Me,NL,"$206,040,086","3,314","$54,917,604","3,312",1999,/movies/?id=austinpowers2.htm,Mike MyersHeather GrahamRob LoweSeth GreenWill Ferrell* (Cameo)Tim Robbins* (Cameo)Jennifer Coolidge*
49,5,The Matrix,WB,"$171,479,930","2,903","$27,788,331","2,849",1999,/movies/?id=matrix.htm,Keanu ReevesCarrie-Anne MossLaurence FishburneHugo Weaving
50,1,How the Grinch Stole Christmas,Uni.,"$260,044,825","3,256","$55,082,330","3,127",2000,/movies/?id=grinch.htm,Jim CarreyAnthony Hopkins* (Narrator)
51,2,Cast Away,Fox,"$233,632,142","3,061","$28,883,406","2,774",2000,/movies/?id=castaway.htm,Tom HanksHelen Hunt
52,3,Mission: Impossible II,Par.,"$215,409,889","3,669","$57,845,297","3,653",2000,/movies/?id=mi2.htm,Tom CruiseDougray ScottThandie NewtonVing RhamesRichard RoxburghBrendan GleesonAnthony Hopkins
53,4,Gladiator,DW,"$187,705,427","3,188","$34,819,017","2,938",2000,/movies/?id=gladiator.htm,Russell CroweJoaquin Phoenix
54,5,What Women Want,Par.,"$182,811,707","3,092","$33,614,543","3,012",2000,/movies/?id=whatwomenwant.htm,Mel GibsonHelen HuntMarisa TomeiAlan AldaLogan Lerman*Bette Midler*Sarah Paulson*
55,1,Harry Potter and the Sorcerer's Stone,WB,"$317,575,550","3,672","$90,294,621","3,672",2001,/movies/?id=harrypotter.htm,Daniel RadcliffeEmma WatsonRupert GrintRobbie ColtraneAlan Rickman*
56,2,The Lord of the Rings: The Fellowship of the Ring,NL,"$313,364,114","3,381","$47,211,490","3,359",2001,/movies/?id=fellowshipofthering.htm,Andy Serkis* (Cameo)Elijah WoodIan McKellenViggo MortensenCate BlanchettLiv TylerIan HolmChristopher LeeSean AstinSean BeanOrlando BloomHugo Weaving
57,3,Shrek,DW,"$267,665,011","3,715","$42,347,760","3,587",2001,/movies/?id=shrek.htm,Mike Myers (Voice)Cameron Diaz (Voice)Eddie Murphy (Voice)
58,4,"Monsters, Inc.",BV,"$255,873,250","3,649","$62,577,067","3,237",2001,/movies/?id=monstersinc.htm,Billy Crystal (Voice)John Goodman (Voice)Bonnie Hunt* (Voice)
59,5,Rush Hour 2,NL,"$226,164,286","3,118","$67,408,222","3,118",2001,/movies/?id=rushhour2.htm,Jackie ChanChris TuckerZhang ZiyiDon Cheadle* (Cameo)
60,1,Spider-Man,Sony,"$403,706,375","3,876","$114,844,116","3,615",2002,/movies/?id=spiderman.htm,Tobey MaguireWillem DafoeKirsten DunstJames FrancoElizabeth Banks*
61,2,The Lord of the Rings: The Two Towers,NL,"$339,789,881","3,622","$62,007,528","3,622",2002,/movies/?id=twotowers.htm,Elijah WoodIan McKellenViggo MortensenLiv TylerSean AstinOrlando BloomAndy SerkisKarl UrbanChristopher LeeCate Blanchett*
62,3,Star Wars: Episode II - Attack of the Clones,Fox,"$302,191,252","3,161","$80,027,814","3,161",2002,/movies/?id=starwars2.htm,Anthony DanielsChristopher LeeIan McDiarmidEwan McGregorHayden ChristensenNatalie PortmanSamuel L. Jackson*Rose Byrne*
63,4,Harry Potter and the Chamber of Secrets,WB,"$261,988,482","3,682","$88,357,488","3,682",2002,/movies/?id=harrypotter2.htm,Warwick DavisDaniel RadcliffeRupert GrintEmma WatsonRobbie ColtraneKenneth BranaghAlan Rickman*
64,5,My Big Fat Greek Wedding,IFC,"$241,438,208","2,016","$597,362",108,2002,/movies/?id=mybigfatgreekwedding.htm,John CorbettNia Vardalos
65,1,The Lord of the Rings: The Return of the King,NL,"$377,027,325","3,703","$72,629,713","3,703",2003,/movies/?id=returnoftheking.htm,Andy SerkisIan McKellenElijah WoodViggo MortensenLiv TylerSean AstinOrlando BloomIan HolmCate BlanchettKarl UrbanSean Bean*
66,2,Finding Nemo,BV,"$339,714,978","3,425","$70,251,710","3,374",2003,/movies/?id=findingnemo.htm,Albert Brooks (Voice)Ellen DeGeneres (Voice)Willem Dafoe* (Voice)Eric Bana* (Voice)Geoffrey Rush* (Voice)
67,3,Pirates of the Caribbean: The Curse of the Black Pearl,BV,"$305,413,918","3,416","$46,630,690","3,269",2003,/movies/?id=piratesofthecaribbean.htm,Johnny DeppGeoffrey RushOrlando BloomKeira KnightleyJack DavenportJonathan PryceZoe Saldana*
68,4,The Matrix Reloaded,WB,"$281,576,461","3,603","$91,774,413","3,603",2003,/movies/?id=matrixreloaded.htm,Keanu ReevesLaurence FishburneCarrie-Anne MossJada Pinkett-SmithHugo WeavingMonica Bellucci
69,5,Bruce Almighty,Uni.,"$242,829,261","3,549","$67,953,330","3,483",2003,/movies/?id=brucealmighty.htm,Jim CarreyMorgan FreemanJennifer AnistonSteve Carell
70,1,Shrek 2,DW,"$441,226,247","4,223","$108,037,878","4,163",2004,/movies/?id=shrek2.htm,Mike Myers (Voice)Cameron Diaz (Voice)Eddie Murphy (Voice)Antonio Banderas (Voice)Julie Andrews* (Voice)
71,2,Spider-Man 2,Sony,"$373,585,825","4,166","$88,156,227","4,152",2004,/movies/?id=spiderman2.htm,Tobey MaguireKirsten DunstJames FrancoAlfred MolinaJ.K. SimmonsElizabeth Banks*Willem Dafoe* (Cameo)
72,3,The Passion of the Christ,NM,"$370,274,604","3,408","$83,848,082","3,043",2004,/movies/?id=passionofthechrist.htm,Monica BellucciJames Caviezel
73,4,Meet the Fockers,Uni.,"$279,261,160","3,554","$46,120,980","3,518",2004,/movies/?id=meetthefockers.htm,Robert DeNiroBen StillerDustin HoffmanBarbra StreisandBlythe DannerTeri PoloOwen Wilson* (Cameo)
74,5,The Incredibles,BV,"$261,441,092","3,933","$70,467,623","3,933",2004,/movies/?id=incredibles.htm,Craig T. Nelson (Voice)Holly Hunter (Voice)Samuel L. Jackson (Voice)Brad Bird* (Voice)
75,1,Star Wars: Episode III - Revenge of the Sith,Fox,"$380,270,577","3,663","$108,435,841","3,661",2005,/movies/?id=starwars3.htm,Anthony DanielsChristopher LeePeter Mayhew*Ian McDiarmidEwan McGregorHayden ChristensenNatalie PortmanSamuel L. Jackson
76,2,"The Chronicles of Narnia: The Lion, the Witch and the Wardrobe",BV,"$291,710,957","3,853","$65,556,312","3,616",2005,/movies/?id=narnia.htm,Tilda SwintonJames McAvoyJim Broadbent*Liam Neeson* (Voice)
77,3,Harry Potter and the Goblet of Fire,WB,"$290,013,036","3,858","$102,685,961","3,858",2005,/movies/?id=harrypotter4.htm,Warwick DavisClemence PoesyDaniel RadcliffeEmma WatsonRupert GrintRalph FiennesBrendan GleesonRobert PattinsonGary Oldman*Alan Rickman*
78,4,War of the Worlds,Par.,"$234,280,354","3,910","$64,878,725","3,908",2005,/movies/?id=waroftheworlds.htm,Amy Ryan*Tom CruiseDakota FanningTim Robbins
79,5,King Kong,Uni.,"$218,080,025","3,627","$50,130,145","3,568",2005,/movies/?id=kingkong05.htm,Naomi WattsJack BlackAdrien BrodyColin HanksAndy SerkisJamie BellKyle Chandler
80,1,Pirates of the Caribbean: Dead Man's Chest,BV,"$423,315,812","4,133","$135,634,554","4,133",2006,/movies/?id=piratesofthecaribbean2.htm,Johnny DeppOrlando BloomKeira KnightleyJack DavenportBill NighyJonathan PryceStellan SkarsgardTom HollanderNaomie HarrisGeoffrey Rush* (Cameo)
81,2,Night at the Museum,Fox,"$250,863,268","3,768","$30,433,781","3,685",2006,/movies/?id=nightatthemuseum.htm,Ben StillerCarla GuginoDick Van DykeMickey RooneyBill CobbsRicky GervaisRobin WilliamsSteve CooganOwen Wilson
82,3,Cars,BV,"$244,082,982","3,988","$60,119,509","3,985",2006,/movies/?id=cars.htm,Owen Wilson (Voice)Paul Newman (Voice)Bonnie Hunt (Voice)Larry the Cable Guy (Voice)Michael Keaton* (Voice)
83,4,X-Men: The Last Stand,Fox,"$234,362,462","3,714","$102,750,665","3,690",2006,/movies/?id=x3.htm,Hugh JackmanHalle BerryIan McKellenFamke JanssenAnna PaquinKelsey GrammerRebecca RomijnJames MarsdenBen Foster*Patrick StewartEllen Page*
84,5,The Da Vinci Code,Sony,"$217,536,138","3,757","$77,073,388","3,735",2006,/movies/?id=davincicode.htm,Tom HanksAudrey TautouIan McKellenPaul BettanyJean RenoAlfred Molina
85,1,Spider-Man 3,Sony,"$336,530,303","4,324","$151,116,516","4,252",2007,/movies/?id=spiderman3.htm,Tobey MaguireKirsten DunstJames FrancoThomas Haden ChurchTopher GraceBryce Dallas HowardElizabeth Banks*Willem Dafoe* (Cameo)
86,2,Shrek the Third,P/DW,"$322,719,944","4,172","$121,629,270","4,122",2007,/movies/?id=shrek3.htm,Mike Myers (Voice)Eddie Murphy (Voice)Cameron Diaz (Voice)Antonio Banderas (Voice)Julie Andrews* (Voice)John Cleese* (Voice)Rupert Everett* (Voice)Eric Idle* (Voice)Justin Timberlake* (Voice)John Krasinski* (Voice)Ian McShane* (Voice)Cheri Oteri* (Voice)Regis Philbin* (Voice)Amy Poehler* (Voice)Seth Rogen* (Voice)Maya Rudolph* (Voice)Amy Sedaris* (Voice)Tom McGrath* (Voice)
87,3,Transformers,P/DW,"$319,246,193","4,050","$70,502,384","4,011",2007,/movies/?id=transformers06.htm,Shia LaBeoufTyrese GibsonJosh DuhamelAnthony AndersonMegan FoxRachael TaylorJohn TurturroJon VoightBernie Mac*
88,4,Pirates of the Caribbean: At World's End,BV,"$309,420,425","4,362","$114,732,820","4,362",2007,/movies/?id=piratesofthecaribbean3.htm,Johnny DeppOrlando BloomKeira KnightleyChow Yun-FatGeoffrey RushJack DavenportBill NighyJonathan PryceStellan SkarsgardTom HollanderNaomie Harris
89,5,Harry Potter and the Order of the Phoenix,WB,"$292,004,738","4,285","$77,108,414","4,285",2007,/movies/?id=harrypotter5.htm,Daniel RadcliffeRupert GrintEmma WatsonHelena Bonham Carter*Robbie Coltrane*Warwick Davis*Ralph FiennesMichael GambonBrendan Gleeson*Richard Griffiths*Jason Isaacs*Gary OldmanAlan Rickman*Fiona Shaw*Maggie Smith*Imelda StauntonDavid Thewlis*Emma Thompson*Julie Walters*Robert Pattinson*
90,1,The Dark Knight,WB,"$533,345,358","4,366","$158,411,483","4,366",2008,/movies/?id=darkknight.htm,Christian BaleHeath LedgerAaron EckhartMorgan FreemanMichael CaineGary OldmanMaggie GyllenhaalEric RobertsMichael Jai White*William Fichtner*Cillian Murphy*
91,2,Iron Man,Par.,"$318,412,101","4,154","$98,618,668","4,105",2008,/movies/?id=ironman.htm,"Robert Downey, Jr.Terrence HowardGwyneth PaltrowJeff BridgesClark GreggPaul Bettany* (Voice)Jon Favreau*Samuel L. Jackson* (Cameo)"
92,3,Indiana Jones and the Kingdom of the Crystal Skull,Par.,"$317,101,119","4,264","$100,137,835","4,260",2008,/movies/?id=indianajones4.htm,Harrison FordCate BlanchettKaren AllenShia LaBeoufRay WinstoneJohn HurtJim Broadbent*
93,4,Hancock,Sony,"$227,946,274","3,965","$62,603,879","3,965",2008,/movies/?id=hancock.htm,Will SmithCharlize TheronJason Bateman
94,5,WALL-E,BV,"$223,808,164","3,992","$63,087,526","3,992",2008,/movies/?id=wall-e.htm,Fred Willard* (Voice)Jeff Garlin* (Voice)Sigourney Weaver* (Voice)
95,1,Avatar,Fox,"$749,766,139","3,461","$77,025,481","3,452",2009,/movies/?id=avatar.htm,Sam WorthingtonZoe SaldanaSigourney WeaverMichelle RodriguezGiovanni RibisiJoel David Moore
96,2,Transformers: Revenge of the Fallen,P/DW,"$402,111,870","4,293","$108,966,307","4,234",2009,/movies/?id=transformers2.htm,Shia LaBeoufMegan FoxJosh DuhamelTyrese GibsonJohn Turturro
97,3,Harry Potter and the Half-Blood Prince,WB,"$301,959,197","4,455","$77,835,727","4,325",2009,/movies/?id=harrypotter6.htm,Daniel RadcliffeRupert GrintEmma WatsonJim BroadbentHelena Bonham CarterRobbie Coltrane*Warwick Davis*Michael GambonAlan RickmanMaggie Smith*Timothy Spall*David Thewlis*Julie Walters*
98,4,The Twilight Saga: New Moon,Sum.,"$296,623,634","4,124","$142,839,137","4,024",2009,/movies/?id=newmoon.htm,Kristen StewartRobert PattinsonTaylor LautnerBilly BurkeAshley GreenePeter FacinelliElizabeth ReaserJackson RathboneKellan LutzMichael SheenDakota Fanning*Anna Kendrick*Cam Gigandet*
99,5,Up,BV,"$293,004,164","3,886","$68,108,790","3,766",2009,/movies/?id=up.htm,Edward Asner* (Voice)Christopher Plummer* (Voice)John Ratzenberger* (Voice)Delroy Lindo* (Voice)
100,1,Toy Story 3,BV,"$415,004,880","4,028","$110,307,189","4,028",2010,/movies/?id=toystory3.htm,Tom Hanks (Voice)Michael Keaton (Voice)Joan Cusack (Voice)Tim Allen (Voice)Don Rickles (Voice)John Ratzenberger (Voice)Whoopi Goldberg* (Voice)Wallace Shawn (Voice)Timothy Dalton (Voice)Bonnie Hunt* (Voice)Ned Beatty (Voice)Jodi Benson* (Voice)Richard Kind* (Voice)Jeff Garlin* (Voice)Lee Unkrich* (Voice)
101,2,Alice in Wonderland (2010),BV,"$334,191,110","3,739","$116,101,023","3,728",2010,/movies/?id=aliceinwonderland10.htm,Mia WasikowskaJohnny DeppHelena Bonham CarterAnne HathawayCrispin GloverMichael Sheen (Voice)Alan Rickman (Voice)Timothy Spall (Voice)
102,3,Iron Man 2,Par.,"$312,433,331","4,390","$128,122,480","4,380",2010,/movies/?id=ironman2.htm,"Robert Downey, Jr.Don CheadleScarlett JohanssonGwyneth PaltrowSam RockwellMickey RourkeSamuel L. JacksonClark GreggJohn SlatteryGarry ShandlingPaul Bettany* (Voice)Kate Mara*Jon Favreau*"
103,4,The Twilight Saga: Eclipse,Sum.,"$300,531,751","4,468","$64,832,191","4,468",2010,/movies/?id=eclipse.htm,Kristen StewartRobert PattinsonTaylor LautnerAshley GreeneBilly BurkePeter FacinelliElizabeth ReaserNikki ReedKellan LutzJackson RathboneDakota FanningCameron Bright*Bryce Dallas Howard*Catalina Sandino Moreno*Anna Kendrick*Sarah Clarke*Xavier Samuel
104,5,Harry Potter and the Deathly Hallows Part 1,WB,"$295,983,305","4,125","$125,017,372","4,125",2010,/movies/?id=harrypotter7.htm,Warwick DavisClemence PoesyDaniel RadcliffeRupert GrintEmma WatsonHelena Bonham CarterRalph FiennesAlan Rickman*Michael Gambon*Bill Nighy*Richard Griffiths*Brendan Gleeson*David Thewlis*Robbie Coltrane*Miranda Richardson*Maggie Smith*John Hurt*Ciaran Hinds*Julie Walters*Imelda Staunton*Jason Isaacs*Rhys Ifans*
105,1,Harry Potter and the Deathly Hallows Part 2,WB,"$381,011,219","4,375","$169,189,427","4,375",2011,/movies/?id=harrypotter72.htm,Clemence PoesyDaniel RadcliffeRupert GrintEmma WatsonHelena Bonham CarterRalph FiennesTom Felton*Robbie Coltrane*Michael Gambon*Jason Isaacs*Alan RickmanDavid Thewlis*Julie Walters*Bonnie Wright*Gary Oldman*Emma Thompson*Maggie Smith*John Hurt*Kelly Macdonald*Ciaran Hinds*Warwick Davis*Miranda Richardson*Timothy Spall*Jim Broadbent*
106,2,Transformers: Dark of the Moon,P/DW,"$352,390,543","4,088","$97,852,865","4,088",2011,/movies/?id=transformers3.htm,Shia LaBeoufRosie Huntington-WhiteleyJosh DuhamelTyrese GibsonFrances McDormandPatrick DempseyJohn MalkovichAlan TudykKen JeongJohn TurturroHugo Weaving* (Voice)Leonard Nimoy* (Voice)
107,3,The Twilight Saga: Breaking Dawn Part 1,Sum.,"$281,287,133","4,066","$138,122,261","4,061",2011,/movies/?id=breakingdawn.htm,Robert PattinsonKristen StewartTaylor LautnerAshley GreeneBilly BurkePeter FacinelliElizabeth ReaserNikki ReedKellan LutzJackson RathboneMaggie Grace*Anna Kendrick*Michael Sheen*
108,4,The Hangover Part II,WB,"$254,464,305","3,675","$85,946,294","3,615",2011,/movies/?id=hangover2.htm,Bradley CooperEd HelmsZach GalifianakisJustin BarthaKen JeongPaul GiamattiMike TysonJeffrey TamborJamie Chung
109,5,Pirates of the Caribbean: On Stranger Tides,BV,"$241,071,802","4,164","$90,151,958","4,155",2011,/movies/?id=piratesofthecaribbean4.htm,Johnny DeppPenelope CruzIan McShaneKevin McNallyAstrid Berges-FrisbeySam ClaflinGeoffrey Rush
110,1,Marvel's The Avengers,BV,"$623,357,910","4,349","$207,438,708","4,349",2012,/movies/?id=avengers11.htm,"Robert Downey, Jr.Chris HemsworthChris EvansJeremy RennerMark RuffaloScarlett JohanssonClark GreggSamuel L. JacksonCobie SmuldersTom HiddlestonStellan SkarsgardGwyneth Paltrow*Paul Bettany* (Voice)"
111,2,The Dark Knight Rises,WB,"$448,139,099","4,404","$160,887,295","4,404",2012,/movies/?id=batman3.htm,Christian BaleMichael CaineAnne HathawayTom HardyGary OldmanMarion CotillardJoseph Gordon-LevittMorgan FreemanMatthew ModineJuno Temple*Cillian Murphy*Liam Neeson*Joey King*
112,3,The Hunger Games,LGF,"$408,010,692","4,137","$152,535,747","4,137",2012,/movies/?id=hungergames.htm,Jennifer LawrenceJosh HutchersonLiam HemsworthElizabeth BanksWes BentleyStanley TucciWoody HarrelsonLenny KravitzToby Jones
113,4,Skyfall,Sony,"$304,360,277","3,526","$88,364,714","3,505",2012,/movies/?id=bond23.htm,Daniel CraigJudi DenchJavier BardemRalph FiennesNaomie HarrisBerenice MarloheBen WhishawAlbert Finney
114,5,The Hobbit: An Unexpected Journey,WB (NL),"$303,003,568","4,100","$84,617,303","4,045",2012,/movies/?id=hobbit.htm,Martin FreemanIan McKellenRichard ArmitageAndy Serkis (Voice)Cate BlanchettHugo WeavingChristopher Lee*Ian Holm*Elijah Wood*
115,1,The Hunger Games: Catching Fire,LGF,"$424,668,047","4,163","$158,074,286","4,163",2013,/movies/?id=catchingfire.htm,Jennifer LawrenceJosh HutchersonLiam HemsworthElizabeth BanksStanley TucciWoody HarrelsonPhilip Seymour HoffmanJeffrey WrightJena MaloneAmanda PlummerSam ClaflinDonald SutherlandLenny Kravitz
116,2,Iron Man 3,BV,"$409,013,994","4,253","$174,144,585","4,253",2013,/movies/?id=ironman3.htm,"Fan BingbingRobert Downey, Jr.Gwyneth PaltrowDon CheadleGuy PearceRebecca HallJames Badge DaleJon FavreauBen KingsleyPaul Bettany* (Voice)Mark Ruffalo* (Cameo)"
117,3,Frozen,BV,"$400,738,009","3,742","$243,390",1,2013,/movies/?id=frozen2013.htm,Kristen Bell (Voice)Jonathan Groff (Voice)Josh Gad (Voice)Idina Menzel (Voice)Alan Tudyk (Voice)
118,4,Despicable Me 2,Uni.,"$368,061,265","4,003","$83,517,315","3,997",2013,/movies/?id=despicableme2.htm,Steve Carell (Voice)Kristen Wiig (Voice)Benjamin Bratt (Voice)Russell Brand (Voice)Ken Jeong (Voice)Steve Coogan (Voice)
119,5,Man of Steel,WB,"$291,045,518","4,207","$116,619,362","4,207",2013,/movies/?id=superman2012.htm,Henry CavillAmy AdamsMichael ShannonKevin CostnerDiane LaneLaurence FishburneAyelet ZurerRussell CroweChristopher Meloni
120,1,American Sniper,WB,"$350,126,372","3,885","$633,456",4,2014,/movies/?id=americansniper.htm,Bradley CooperKyle GallnerSienna Miller
121,2,The Hunger Games: Mockingjay - Part 1,LGF,"$337,135,885","4,151","$121,897,634","4,151",2014,/movies/?id=hungergames3.htm,Jennifer LawrenceJosh HutchersonLiam HemsworthWoody HarrelsonDonald SutherlandPhilip Seymour HoffmanJulianne MooreSam ClaflinElizabeth BanksJena MaloneJeffrey WrightStanley Tucci
122,3,Guardians of the Galaxy,BV,"$333,176,600","4,088","$94,320,883","4,080",2014,/movies/?id=marvel2014a.htm,Michael RookerChris PrattZoe SaldanaDave BautistaVin Diesel (Voice)Bradley Cooper (Voice)Lee PaceKaren GillanDjimon HounsouJohn C. ReillyGlenn CloseBenicio Del ToroJosh Brolin*
123,4,Captain America: The Winter Soldier,BV,"$259,766,572","3,938","$95,023,721","3,938",2014,/movies/?id=marvel14b.htm,Chris EvansScarlett JohanssonSamuel L. JacksonRobert RedfordSebastian StanAnthony MackieCobie SmuldersFrank GrilloHayley AtwellEmily VanCamp*Toby Jones*Elizabeth Olsen* (Cameo)
124,5,The LEGO Movie,WB,"$257,760,692","3,890","$69,050,279","3,775",2014,/movies/?id=lego.htm,Will Arnett (Voice)Elizabeth Banks (Voice)Alison Brie (Voice)Will Ferrell (Voice)Anthony Daniels (Voice)Charlie Day (Voice)Will Forte (Voice)Dave Franco (Voice)Morgan Freeman (Voice)Jonah Hill (Voice)Keegan-Michael Key (Voice)Liam Neeson (Voice)Shaquille O'Neal (Voice)Nick Offerman (Voice)Chris Pratt (Voice)Cobie Smulders (Voice)Jorma Taccone (Voice)Channing Tatum (Voice)Billy Dee Williams (Voice)
125,1,Star Wars: The Force Awakens,BV,"$936,662,225","4,134","$247,966,675","4,134",2015,/movies/?id=starwars7.htm,John BoyegaDaisy RidleyAdam DriverOscar IsaacAndy SerkisDomhnall GleesonMax von SydowHarrison FordCarrie FisherMark HamillAnthony DanielsPeter MayhewKenny BakerWarwick DavisLupita Nyong'oSimon Pegg
126,2,Jurassic World,Uni.,"$652,270,625","4,291","$208,806,270","4,274",2015,/movies/?id=jurassicpark4.htm,Nick RobinsonOmar SyChris PrattBryce Dallas HowardJake JohnsonVincent D'OnofrioIrrfan KhanJudy Greer
127,3,Avengers: Age of Ultron,BV,"$459,005,868","4,276","$191,271,109","4,276",2015,/movies/?id=avengers2.htm,"Robert Downey, Jr.Chris HemsworthMark RuffaloChris EvansScarlett JohanssonJeremy RennerDon CheadleAaron JohnsonElizabeth OlsenPaul BettanyCobie SmuldersAnthony MackieHayley AtwellIdris ElbaStellan SkarsgardJames Spader (Voice)Samuel L. JacksonJosh Brolin (Voice)Andy Serkis* (Cameo)"
128,4,Inside Out,BV,"$356,461,711","4,158","$90,440,272","3,946",2015,/movies/?id=pixar2014.htm,Amy Poehler (Voice)Bill Hader (Voice)Mindy Kaling (Voice)Phyllis Smith (Voice)Lewis Black (Voice)Diane Lane (Voice)Kyle MacLachlan (Voice)
129,5,Furious 7,Uni.,"$353,007,020","4,022","$147,187,040","4,004",2015,/movies/?id=fast7.htm,Tony JaaVin DieselPaul WalkerDwayne JohnsonMichelle RodriguezJordana BrewsterTyrese GibsonChris 'Ludacris' BridgesLucas BlackJason StathamDjimon HounsouKurt Russell
130,1,Rogue One: A Star Wars Story,BV,"$532,177,324","4,157","$155,081,681","4,157",2016,/movies/?id=starwars2016.htm,Felicity JonesMads MikkelsenBen MendelsohnAlan Tudyk (Voice)Donnie YenForest WhitakerDiego LunaRiz AhmedAnthony Daniels* (Cameo)
131,2,Finding Dory,BV,"$486,295,561","4,305","$135,060,273","4,305",2016,/movies/?id=pixar2015.htm,Ellen DeGeneres (Voice)Albert Brooks (Voice)Ed O'Neill (Voice)Ty Burrell* (Voice)Diane Keaton* (Voice)Eugene Levy* (Voice)Idris Elba* (Voice)Dominic West* (Voice)Andrew Stanton*Bob Peterson*Bill Hader* (Voice)Kate McKinnon* (Voice)Sigourney Weaver* (Voice)
132,3,Captain America: Civil War,BV,"$408,084,349","4,226","$179,139,142","4,226",2016,/movies/?id=marvel2016.htm,"Chris EvansRobert Downey, Jr.Scarlett JohanssonSebastian StanAnthony MackiePaul BettanyJeremy RennerDon CheadleElizabeth OlsenPaul RuddChadwick BosemanEmily VanCampDaniel BruhlFrank GrilloWilliam HurtMartin FreemanTom HollandMarisa Tomei"
133,4,The Secret Life of Pets,Uni.,"$368,384,330","4,381","$104,352,905","4,370",2016,/movies/?id=illumination2015.htm,Dana Carvey* (Voice)Louis C.K. (Voice)Eric Stonestreet (Voice)Kevin Hart (Voice)
134,5,The Jungle Book (2016),BV,"$364,001,123","4,144","$103,261,464","4,028",2016,/movies/?id=junglebook2015.htm,Scarlett Johansson (Voice)Idris Elba (Voice)Lupita Nyong'o (Voice)Ben Kingsley (Voice)Christopher Walken (Voice)Bill Murray (Voice)
135,1,Star Wars: The Last Jedi,BV,"$620,181,382","4,232","$220,009,584","4,232",2017,/movies/?id=starwars8.htm,Mark HamillCarrie FisherAdam DriverDaisy RidleyJohn BoyegaOscar IsaacLupita Nyong'oAndy SerkisDomhnall GleesonAnthony DanielsLaura DernBenicio Del Toro
136,2,Beauty and the Beast (2017),BV,"$504,014,165","4,210","$174,750,616","4,210",2017,/movies/?id=beautyandthebeast2017.htm,Emma WatsonLuke EvansEmma ThompsonKevin KlineDan StevensEwan McGregorStanley TucciIan McKellenGugu Mbatha-RawJosh Gad
137,3,Wonder Woman,WB,"$412,563,408","4,165","$103,251,471","4,165",2017,/movies/?id=wonderwoman.htm,Gal GadotChris PineConnie NielsenRobin WrightDanny HustonDavid ThewlisEwen Bremner
138,4,Jumanji: Welcome to the Jungle,Sony,"$404,515,480","3,849","$36,169,328","3,765",2017,/movies/?id=jumanji2016.htm,Dwayne JohnsonJack BlackKevin HartKaren GillanNick JonasBobby Cannavale
139,5,Guardians of the Galaxy Vol. 2,BV,"$389,813,101","4,347","$146,510,104","4,347",2017,/movies/?id=marvel17a.htm,Michael RookerChris PrattZoe SaldanaDave BautistaVin Diesel (Voice)Bradley Cooper (Voice)Karen GillanElizabeth DebickiKurt RussellSylvester Stallone
